"Variable / Field Name","Form Name","Section Header","Field Type","Field Label","Choices, Calculations, OR Slider Labels","Field Note","Text Validation Type OR Show Slider Number","Text Validation Min","Text Validation Max",Identifier?,"Branching Logic (Show field only if...)","Required Field?","Custom Alignment","Question Number (surveys only)","Matrix Group Name","Matrix Ranking?","Field Annotation"
id,perustiedot,,text,ID,,,,,,,,,,,,,
turku_id,perustiedot,,text,"Turku ID",,,,,,,,,,,,,
prev_id,perustiedot,,text,"Previous ID (if there is a former CTA)",,,,,,,,,,,,,
sotu,perustiedot,,text,"Personal identification number ",,,,,,y,,,,,,,
nimi,perustiedot,,text,"Patient name",,,,,,y,,,,,,,
lahett,perustiedot,,text,"Sending unit (Kts. Lähete)",,,,,,,,,,,,,
keraaja,perustiedot,,text,"Data collector's name",,,,,,,,,,,,,
sp,perustiedot,,radio,Sex,"1, Male | 2, Female",,,,,,,,,,,,
ika,perustiedot,,text,Age,,,,,,,,,,,,,
pituus,perustiedot,,text,"Height (cm)",,,,,,,,,,,,,
paino,perustiedot,,text,"Weight (kg)",,,,,,,,,,,,,
bmi,perustiedot,,calc,BMI,"round([paino]*10000/([pituus]*[pituus]),1)",,,,,,,,,,,,
dial,perustiedot,,radio,Dialysis,"1, yes | 2, no",,,,,,,,,,,,
tahd,perustiedot,,radio,Pacemaker,"1, yes | 2, no",,,,,,,,,,,,
tupakka,perustiedot,"Risk Information",radio,Smoking,"1, yes current | 2, no | 3, yes previous smoking history",,,,,,,,,,,,
diabetes,perustiedot,,radio,diabetes,"1, T1D | 2, T2D (HbA1c ≥ 6,5% or  fP-Gluk ≥ 7,0) | 3, other type of DM (MODY, LADA, etc.) | 4, No diabetes | 5, Borderline/pre-diabetic (HbA1c 6,0-6,5%, or fP-Gluk 6,1-6,9 mmol/l)",,,,,,,,,,,,
hyperten,perustiedot,,radio,hypertension,"1, yes | 2, no",,,,,,,,,,,,
dyslipid,perustiedot,,radio,dyslipidemia,"1, yes | 2, no",,,,,,,,,,,,
sukuras,perustiedot,,radio,"Family history","1, yes | 2, no",,,,,,,,,,,,
rintak,perustiedot,"Symptoms (lähetteestä)",radio,Chestpain,"1, typical AP (pressure, stress, nitrogen helps etc) | 2, atypical AP | 3, no chest pain | 4, non-cardiac chest pain | 5, atypical AP or non-cardiac chest pain (not specified)",,,,,,,,,,,,
hengahd,perustiedot,,radio,Dyspnea,"1, yes | 2, no",,,,,,,,,,,,
ekgmuut,perustiedot,"Exercise ECG stress test",radio,"Ischemic ECG changes (in exercise test)","1, yes (ischemic >= 1mm ST depression) | 2, no | 3, missing data/ unsuccesful test | 4, non-specific ECG abnormality | 5, patient hasn't underwent stress test","Exercise stress test should be performed during 6 months before CTA",,,,,,,,,,,
nyha,perustiedot,,radio,NYHA,"1, NYHA I | 2, NYHA II | 3, NYHA III | 4, NYHA IV",,,,,,,,,,,,
ccs,perustiedot,,radio,"CCS (if mentioned)","1, CSS I | 2, CSS II | 3, CSS III | 4, CSS IV",,,,,,,,,,,,
ef,perustiedot,"Other info",radio,"LV Ejection fraction (echocardiography)","1, (≥50%) normal | 2, (40-49%) mildly reduced | 3, (30-39%) moderately reduced | 4, (< 30%) severely reduced","Echocardiography should be performed during 6 months before CTA",,,,,,,,,,,
syd_vt,perustiedot,,radio,"Congestive heart failure","1, yes | 2, no",,,,,,,,,,,,
af,perustiedot,,radio,"Atrial fibrillation/flutter during past five years","1, fibrillation | 2, no | 3, flutter",,,,,,,,,,,,
aie_mi,perustiedot,,radio,"Previous myocardial infarction before PET/CTA-scan","1, yes, ≤ 30d before scan | 2, yes, >30d before scan | 3, no",,,,,,,,,,,,
aie_pci,perustiedot,,radio,"Previous PCI before PET/CTA-scan","1, yes | 2, no",,,,,,,,,,,,
aie_cabg,perustiedot,,radio,"Previous CABG before PET/CTA-scan","1, yes | 2, no",,,,,,,,,,,,
keraajan_kommentti,perustiedot,,notes,Comments:,,,,,,,,,,,,,
pvm_cta,cta,,text,"CTA date",,,date_dmy,,,,,,,,,,
cta_ac,cta,,text,cta_ac,,,,,,,,,,,,,
ind,cta,,radio,"Study indication","1, 1: suspected primary coronary artery disease | 2, 2: previously diagnosed significant CAD (based on ICA) | 3, 3: Etiological evaluation of CHF/cardiomyopathy | 4, 4: Etiological evaluation of Atrial fibrillation | 5, 5: Etiological evaluation of other arrhythmias | 6, 6: Coronary artery anomaly | 7, 7: TAVI | 8, 8: Other aorta CT | 9, 9: Atrial fibrillation/-flutter preoperative CT scan (ablation) | 10, 10: Other preoperative ct scan | 11, 11: Clinical trial | 12, 12: Other (conduction problems, collapse, etc.) | 21, 21:  primaarin sepelvaltimotaudin epäily (käynyt  jo aiemmin ensimmäistä kertaa)",,,,,,,,,,,,
selok,cta,,text,SELOKEN,,,,,,,,,,,,,
dinit,cta,,text,"DINIT
",,,,,,,,,,,,,
kv,cta,,text,"KV
",,,,,,,,,,,,,
dlp,cta,,text,"DLP
",,,,,,,,,,,,,
va,cta,,text,"Contrast agent
",,,,,,,,,,,,,
va_maar,cta,,text,"Contrast agent amount
",,,,,,,,,,,,,
va_vahv,cta,,text,"Contrast agent concentration
 ",,,,,,,,,,,,,
injann_r,cta,,text,"Injected dose (rest)
",,,,,,,,,,,,,
injann_s,cta,,text,"Injected dose (stress)",,,,,,,,,,,,,
lm_kok,cta,,radio,"LM - degree of stenosis","1, 1: under 30 % | 2, 2: 30-49 % | 3, 3: 50-69 % | 4, 4: over 70 % | 5, 5: 100 %",,,,,,,,,,,,
lm_aht,cta,,radio,"LM - type of stenosis","1, 1: normal | 2, 2: atherosclerosis, no stenosis | 3, 3: stenosis less than 50% (no significant stenosis) | 4, 4: borderline stenosis (about 50% stenosis) | 5, 5: stenosis over 50% (significant stenosis) | 6, 6:  lot of coronary calcification, cannot exclude significant stenosis (tätä ei valita mikäli merkittävä ahtauma voidaan poissulkea runsaasta kalkista huolimatta)",,,,,,,,,,,,
lm_pla,cta,,radio,"LM - Plaque type","1, 1: noncalcified | 2, 2: calcified | 3, 3: mixed",,,,,,,,,,,,
lm_art,cta,,checkbox,LM_ART,"1, artefact, cannot be analysed",,,,,,,,,,,,
dom,cta,,radio,Dominance,"1, 1: right | 2, 2: left | 3, 3: codominant","Mikäli PD-haara tulee RCA:sta, on dominanssi oikea; mikäli PD-haara LCX:sta, on dominanssi vasen. Mikäli potilaalla on sekä RPD- että LPD-haarat, on hänellä sepelvaltimoiden ko-dominanssi.",,,,,,,,,,,
lada_kok,cta,,radio,"LADA - degree of stenosis","1, 1: under 30 % | 2, 2: 30-49 % | 3, 3: 50-69 % | 4, 4: over 70 % | 5, 5: 100 %",,,,,,,,,,,,
lada_aht,cta,,radio,"LADA - type of stenosis","1, 1: normal | 2, 2: atherosclerosis, no stenosis | 3, 3: stenosis less than 50% (no significant stenosis) | 4, 4: borderline stenosis | 5, 5: stenosis over 50% (significant stenosis) | 6, 6:  lot of coronary calcification, cannot exclude stenosis (tätä ei valita mikäli merkittävä ahtauma voidaan poissulkea runsaasta kalkista huolimatta)",,,,,,,,,,,,
lada_pla,cta,,radio,"LADA - Plaque type","1, 1: noncalcified | 2, 2: calcified | 3, 3: mixed",,,,,,,,,,,,
lada_art,cta,,checkbox,"LADA - artefact","1, artefact, cannot analyze",,,,,,,,,,,,
ladb_kok,cta,,radio,"LADB - degree of stenosis","1, 1: under 30 % | 2, 2: 30-49 % | 3, 3: 50-69 % | 4, 4: over 70 % | 5, 5: 100 %",,,,,,,,,,,,
ladb_aht,cta,,radio,"LADB - type of stenosis","1, 1: normal | 2, 2: atherosclerosis, no stenosis | 3, 3: stenosis less than 50% (no significant stenosis) | 4, 4: borderline stenosis | 5, 5: stenosis over 50% (significant stenosis) | 6, 6:  lot of coronary calcification, cannot exclude stenosis (tätä ei valita mikäli merkittävä ahtauma voidaan poissulkea runsaasta kalkista huolimatta)",,,,,,,,,,,,
ladb_pla,cta,,radio,"LADB - Plaque type","1, 1: noncalcified | 2, 2: calcified | 3, 3: mixed",,,,,,,,,,,,
ladb_art,cta,,checkbox,"LADB - artefact","1, artefact, cannot analyze",,,,,,,,,,,,
ladc_kok,cta,,radio,"LADC - degree of stenosis","1, 1: under 30 % | 2, 2: 30-49 % | 3, 3: 50-69 % | 4, 4: over 70 % | 5, 5: 100 %",,,,,,,,,,,,
ladc_aht,cta,,radio,"LADC - type of stenosis","1, 1: normal | 2, 2: atherosclerosis, no stenosis | 3, 3: stenosis less than 50% (no significant stenosis) | 4, 4: borderline stenosis | 5, 5: stenosis over 50% (significant stenosis) | 6, 6:  lot of coronary calcification, cannot exclude stenosis (tätä ei valita mikäli merkittävä ahtauma voidaan poissulkea runsaasta kalkista huolimatta)",,,,,,,,,,,,
ladc_pla,cta,,radio,"LADC - Plaque type","1, 1: noncalcified | 2, 2: calcified | 3, 3: mixed",,,,,,,,,,,,
ladc_art,cta,,checkbox,"LADC - artefact","1, artefact, cannot analyze",,,,,,,,,,,,
d1_kok,cta,,radio,"D1 - degree of stenosis","1, 1: under 30 % | 2, 2: 30-49 % | 3, 3: 50-69 % | 4, 4: over 70 % | 5, 5: 100 %",,,,,,,,,,,,
d1_aht,cta,,radio,"D1 - type of stenosis","1, 1: normal | 2, 2: atherosclerosis, no stenosis | 3, 3: stenosis less than 50% (no significant stenosis) | 4, 4: borderline stenosis | 5, 5: stenosis over 50% (significant stenosis) | 6, 6:  lot of coronary calcification, cannot exclude stenosis (tätä ei valita mikäli merkittävä ahtauma voidaan poissulkea runsaasta kalkista huolimatta)",,,,,,,,,,,,
d1_pla,cta,,radio,"D1 - Plaque type","1, 1: noncalcified | 2, 2: calcified | 3, 3: mixed",,,,,,,,,,,,
d1_art,cta,,checkbox,"D1 - artefact","1, artefact, cannot analyze",,,,,,,,,,,,
d2_kok,cta,,radio,"D2 - degree of stenosis","1, 1: under 30 % | 2, 2: 30-49 % | 3, 3: 50-69 % | 4, 4: over 70 % | 5, 5: 100 %",,,,,,,,,,,,
d2_aht,cta,,radio,"D2 - type of stenosis","1, 1: normal | 2, 2: atherosclerosis, no stenosis | 3, 3: stenosis less than 50% (no significant stenosis) | 4, 4: borderline stenosis | 5, 5: stenosis over 50% (significant stenosis) | 6, 6:  lot of coronary calcification, cannot exclude stenosis (tätä ei valita mikäli merkittävä ahtauma voidaan poissulkea runsaasta kalkista huolimatta)",,,,,,,,,,,,
d2_pla,cta,,radio,"D2 - Plaque type","1, 1: noncalcified | 2, 2: calcified | 3, 3: mixed",,,,,,,,,,,,
d2_art,cta,,checkbox,"D2 - artefact","1, artefact, cannot analyze",,,,,,,,,,,,
lcxa_kok,cta,,radio,"LCXA - degree of stenosis","1, 1: under 30 % | 2, 2: 30-49 % | 3, 3: 50-69 % | 4, 4: over 70 % | 5, 5: 100 %",,,,,,,,,,,,
lcxa_aht,cta,,radio,"LCXA - type of stenosis","1, 1: normal | 2, 2: atherosclerosis, no stenosis | 3, 3: stenosis less than 50% (no significant stenosis) | 4, 4: borderline stenosis | 5, 5: stenosis over 50% (significant stenosis) | 6, 6:  lot of coronary calcification, cannot exclude stenosis (tätä ei valita mikäli merkittävä ahtauma voidaan poissulkea runsaasta kalkista huolimatta)",,,,,,,,,,,,
lcxa_pla,cta,,radio,"LCXA - Plaque type","1, 1: noncalcified | 2, 2: calcified | 3, 3: mixed",,,,,,,,,,,,
lcxa_art,cta,,checkbox,"LCXA - artefact","1, artefact, cannot analyze",,,,,,,,,,,,
lcxb_kok,cta,,radio,"LCXB - degree of stenosis","1, 1: under 30 % | 2, 2: 30-49 % | 3, 3: 50-69 % | 4, 4: over 70 % | 5, 5: 100 %",,,,,,,,,,,,
lcxb_aht,cta,,radio,"LCXB - type of stenosis","1, 1: normal | 2, 2: atherosclerosis, no stenosis | 3, 3: stenosis less than 50% (no significant stenosis) | 4, 4: borderline stenosis | 5, 5: stenosis over 50% (significant stenosis) | 6, 6:  lot of coronary calcification, cannot exclude stenosis (tätä ei valita mikäli merkittävä ahtauma voidaan poissulkea runsaasta kalkista huolimatta)",,,,,,,,,,,,
lcxb_pla,cta,,radio,"LCXB - Plaque type","1, 1: noncalcified | 2, 2: calcified | 3, 3: mixed",,,,,,,,,,,,
lcxb_art,cta,,checkbox,"LCXB - artefact","1, artefact, cannot analyze",,,,,,,,,,,,
lcxc_kok,cta,,radio,"LCXC - degree of stenosis","1, 1: under 30 % | 2, 2: 30-49 % | 3, 3: 50-69 % | 4, 4: over 70 % | 5, 5: 100 %",,,,,,,,,,,,
lcxc_aht,cta,,radio,"LCXC -type of stenosis","1, 1: normal | 2, 2: atherosclerosis, no stenosis | 3, 3: stenosis less than 50% (no significant stenosis) | 4, 4: borderline stenosis | 5, 5: stenosis over 50% (significant stenosis) | 6, 6:  lot of coronary calcification, cannot exclude stenosis (tätä ei valita mikäli merkittävä ahtauma voidaan poissulkea runsaasta kalkista huolimatta)",,,,,,,,,,,,
lcxc_pla,cta,,radio,"LCXC - Plaque type","1, 1: noncalcified | 2, 2: calcified | 3, 3: mixed",,,,,,,,,,,,
lcxc_art,cta,,checkbox,"LCXC - artefact","1, artefact, cannot analyze",,,,,,,,,,,,
lpd_kok,cta,,radio,"LPD - degree of stenosis","1, 1: under 30 % | 2, 2: 30-49 % | 3, 3: 50-69 % | 4, 4: over 70 % | 5, 5: 100 %",,,,,,,,,,,,
lpd_aht,cta,,radio,"LPD - type of stenosis","1, 1: normal | 2, 2: atherosclerosis, no stenosis | 3, 3: stenosis less than 50% (no significant stenosis) | 4, 4: borderline stenosis | 5, 5: stenosis over 50% (significant stenosis) | 6, 6:  lot of coronary calcification, cannot exclude stenosis (tätä ei valita mikäli merkittävä ahtauma voidaan poissulkea runsaasta kalkista huolimatta)",,,,,,,,,,,,
lpd_pla,cta,,radio,"LPD - Plaque type","1, 1: noncalcified | 2, 2: calcified | 3, 3: mixed",,,,,,,,,,,,
lpd_art,cta,,checkbox,"LPD - artefact","1, artefact, cannot analyze",,,,,,,,,,,,
lom1_kok,cta,,radio,"LOM1 - degree of stenosis","1, 1: under 30 % | 2, 2: 30-49 % | 3, 3: 50-69 % | 4, 4: over 70 % | 5, 5: 100 %",,,,,,,,,,,,
lom1_aht,cta,,radio,"LOM1 - type of stenosis","1, 1: normal | 2, 2: atherosclerosis, no stenosis | 3, 3: stenosis less than 50% (no significant stenosis) | 4, 4: borderline stenosis | 5, 5: stenosis over 50% (significant stenosis) | 6, 6:  lot of coronary calcification, cannot exclude stenosis (tätä ei valita mikäli merkittävä ahtauma voidaan poissulkea runsaasta kalkista huolimatta)",,,,,,,,,,,,
lom1_pla,cta,,radio,"LOM1 - Plaque type","1, 1: noncalcified | 2, 2: calcified | 3, 3: mixed",,,,,,,,,,,,
lom1_art,cta,,checkbox,"LOM1 - artefact","1, artefact, degree of stenosis",,,,,,,,,,,,
lom2_kok,cta,,radio,"LOM2 - degree of stenosis","1, 1: under 30 % | 2, 2: 30-49 % | 3, 3: 50-69 % | 4, 4: over 70 % | 5, 5: 100 %",,,,,,,,,,,,
lom2_aht,cta,,radio,"LOM2 - type of stenosis","1, 1: normal | 2, 2: atherosclerosis, no stenosis | 3, 3: stenosis less than 50% (no significant stenosis) | 4, 4: borderline stenosis | 5, 5: stenosis over 50% (significant stenosis) | 6, 6:  lot of coronary calcification, cannot exclude stenosis (tätä ei valita mikäli merkittävä ahtauma voidaan poissulkea runsaasta kalkista huolimatta)",,,,,,,,,,,,
lom2_pla,cta,,radio,"LOM2 - Plaque type","1, 1: noncalcified | 2, 2: calcified | 3, 3: mixed",,,,,,,,,,,,
lom2_art,cta,,checkbox,"LOM2 - artefact","1, artefact, cannot analyze",,,,,,,,,,,,
im_kok,cta,,radio,"IM - degree of stenosis","1, 1: under 30 % | 2, 2: 30-49 % | 3, 3: 50-69 % | 4, 4: over 70 % | 5, 5: 100 %",,,,,,,,,,,,
im_aht,cta,,radio,"IM - type of stenosis","1, 1: normal | 2, 2: atherosclerosis, no stenosis | 3, 3: stenosis less than 50% (no significant stenosis) | 4, 4: borderline stenosis | 5, 5: stenosis over 50% (significant stenosis) | 6, 6:  lot of coronary calcification, cannot exclude stenosis (tätä ei valita mikäli merkittävä ahtauma voidaan poissulkea runsaasta kalkista huolimatta)",,,,,,,,,,,,
im_pla,cta,,radio,"IM - Plaque type","1, 1: noncalcified | 2, 2: calcified | 3, 3: mixed",,,,,,,,,,,,
im_art,cta,,checkbox,"IM - artefact","1, artefact, cannot analyze",,,,,,,,,,,,
lpl_kok,cta,,radio,"LPL - degree of stenosis","1, 1: under 30 % | 2, 2: 30-49 % | 3, 3: 50-69 % | 4, 4: over 70 % | 5, 5: 100 %",,,,,,,,,,,,
lpl_aht,cta,,radio,"LPL - type of stenosis","1, 1: normal | 2, 2: atherosclerosis, no stenosis | 3, 3: stenosis less than 50% (no significant stenosis) | 4, 4: borderline stenosis | 5, 5: stenosis over 50% (significant stenosis) | 6, 6:  lot of coronary calcification, cannot exclude stenosis (tätä ei valita mikäli merkittävä ahtauma voidaan poissulkea runsaasta kalkista huolimatta)",,,,,,,,,,,,
lpl_pla,cta,,radio,"LPL - Plaque type","1, 1: noncalcified | 2, 2: calcified | 3, 3: mixed",,,,,,,,,,,,
lpl_art,cta,,checkbox,"LPL - artefact","1, artefact, cannot analyze",,,,,,,,,,,,
rcaa_kok,cta,,radio,"RCAA - degree of stenosis","1, 1: under 30 % | 2, 2: 30-49 % | 3, 3: 50-69 % | 4, 4: over 70 % | 5, 5: 100 %",,,,,,,,,,,,
rcaa_aht,cta,,radio,"RCAA - type of stenosis","1, 1: normal | 2, 2: atherosclerosis, no stenosis | 3, 3: stenosis less than 50% (no significant stenosis) | 4, 4: borderline stenosis | 5, 5: stenosis over 50% (significant stenosis) | 6, 6:  lot of coronary calcification, cannot exclude stenosis (tätä ei valita mikäli merkittävä ahtauma voidaan poissulkea runsaasta kalkista huolimatta)",,,,,,,,,,,,
rcaa_pla,cta,,radio,"RCAA - Plaque type","1, 1: noncalcified | 2, 2: calcified | 3, 3: mixed",,,,,,,,,,,,
rcaa_art,cta,,checkbox,"RCAA - artefact","1, artefact, cannot analyze",,,,,,,,,,,,
rcab_kok,cta,,radio,"RCAB - degree of stenosis","1, 1: under 30 % | 2, 2: 30-49 % | 3, 3: 50-69 % | 4, 4: over 70 % | 5, 5: 100 %",,,,,,,,,,,,
rcab_aht,cta,,radio,"RCAB - type of stenosis","1, 1: normal | 2, 2: atherosclerosis, no stenosis | 3, 3: stenosis less than 50% (no significant stenosis) | 4, 4: borderline stenosis | 5, 5: stenosis over 50% (significant stenosis) | 6, 6:  lot of coronary calcification, cannot exclude stenosis (tätä ei valita mikäli merkittävä ahtauma voidaan poissulkea runsaasta kalkista huolimatta)",,,,,,,,,,,,
rcab_pla,cta,,radio,"RCAB - Plaque type","1, 1: noncalcified | 2, 2: calcified | 3, 3: mixed",,,,,,,,,,,,
rcab_art,cta,,checkbox,"RCAB - artefact","1, artefact, cannot analyze",,,,,,,,,,,,
rcac_kok,cta,,radio,"RCAC - degree of stenosis","1, 1: under 30 % | 2, 2: 30-49 % | 3, 3: 50-69 % | 4, 4: over 70 % | 5, 5: 100 %",,,,,,,,,,,,
rcac_aht,cta,,radio,"RCAC - type of stenosis","1, 1: normal | 2, 2: atherosclerosis, no stenosis | 3, 3: stenosis less than 50% (no significant stenosis) | 4, 4: borderline stenosis | 5, 5: stenosis over 50% (significant stenosis) | 6, 6:  lot of coronary calcification, cannot exclude stenosis (tätä ei valita mikäli merkittävä ahtauma voidaan poissulkea runsaasta kalkista huolimatta)",,,,,,,,,,,,
rcac_pla,cta,,radio,"RCAC - Plaque type","1, 1: noncalcified | 2, 2: calcified | 3, 3: mixed",,,,,,,,,,,,
rcac_art,cta,,checkbox,"RCAC - artefact","1, artefact, cannot analyze",,,,,,,,,,,,
rpd_kok,cta,,radio,"RPD - degree of stenosis","1, 1: under 30 % | 2, 2: 30-49 % | 3, 3: 50-69 % | 4, 4: over 70 % | 5, 5: 100 %",,,,,,,,,,,,
rpd_aht,cta,,radio,"RPD - type of stenosis","1, 1: normal | 2, 2: atherosclerosis, no stenosis | 3, 3: stenosis less than 50% (no significant stenosis) | 4, 4: borderline stenosis | 5, 5: stenosis over 50% (significant stenosis) | 6, 6:  lot of coronary calcification, cannot exclude stenosis (tätä ei valita mikäli merkittävä ahtauma voidaan poissulkea runsaasta kalkista huolimatta)",,,,,,,,,,,,
rpd_pla,cta,,radio,"RPD - Plaque type","1, 1: noncalcified | 2, 2: calcified | 3, 3: mixed",,,,,,,,,,,,
rpd_art,cta,,checkbox,"RPD - artefact","1, artefact, cannot analyze",,,,,,,,,,,,
rpl_kok,cta,,radio,"RPL - degree of stenosis","1, 1: under 30 % | 2, 2: 30-49 % | 3, 3: 50-69 % | 4, 4: over 70 % | 5, 5: 100 %",,,,,,,,,,,,
rpl_aht,cta,,radio,"RPL - type of stenosis","1, 1: normal | 2, 2: atherosclerosis, no stenosis | 3, 3: stenosis less than 50% (no significant stenosis) | 4, 4: borderline stenosis | 5, 5: stenosis over 50% (significant stenosis) | 6, 6:  lot of coronary calcification, cannot exclude stenosis (tätä ei valita mikäli merkittävä ahtauma voidaan poissulkea runsaasta kalkista huolimatta)",,,,,,,,,,,,
rpl_pla,cta,,radio,"RPL - Plaque type","1, 1: noncalcified | 2, 2: calcified | 3, 3: mixed",,,,,,,,,,,,
rpl_art,cta,,checkbox,"RPL - artefact","1, artefact, degree of stenosis",,,,,,,,,,,,
cs_lm,cta,,text,"Agatston Calsium Score LM",,,integer,0,,,,,,,,,
cs_lad,cta,,text,"Agatston Calsium Score LAD",,,integer,0,,,,,,,,,
cs_lcx,cta,,text,"Agatston Calsium Score LCX",,,integer,0,,,,,,,,,
cs_rca,cta,,text,"Agatston Calsium Score RCA",,,integer,0,,,,,,,,,
cs_tot,cta,,text,"Agatston Calsium Score Total",,,integer,0,,,,,,,,,
ctalaatu,cta,,radio,"CTA image quality","1, excellent | 2, good | 3, satisfying",,,,,,,,,,,,
epaonn1,cta,,checkbox,"CTA failed/nondiagnostic","1, fail",,,,,,,,,,,,
cta_loyd,cta,,radio,CTA_LOYD,"1, 1: normal coronary arteries without suspected atherosclerosis | 2, 2: atherossclerosis without significant stenosis (< 50%) | 3, 3: borderline stenosis  (aprox. 50%) | 4, 4: significant CAD (at least one anatomically significant stenosis) (>50%)",,,,,,,,,,,,"If stenosis cannot be excluded due to heavy calcification, CTA study is ""positive"" (usually class 4).
CTA study is non-diagnostic, if any of the 4 classes cannot be selected."
yhtveto1,cta,,notes,"CTA summary",,,,,,,,,,,,,
komm1,cta,,notes,"CTA comments",,,,,,,,,,,,,
perf,cta,,radio,"Following PET perfusion imaging performed","1, yes | 2, no",,,,,,,,,,,,
tutkija,cta,,text,"Doctor's name  (lausunnosta)",,,,,,,,,,,,,
cta_tutkijan_kommentti,cta,,notes,"Comments from the data collector",,,,,,,,,,,,,
pvm_perf,perfuusio,,text,DATE_PET_PERFUSION,,,date_dmy,,,,,,,,,,
epaonn2,perfuusio,,checkbox,"PET study failed/nondiagnostic","1, fail",,,,,,,,,,,,
tracer,perfuusio,,text,TRACER,,,,,,,,,,,,,
rest_1,perfuusio,,text,REST_seg_1,,,number,,,,,,,,,,
rest_2,perfuusio,,text,REST_seg_2,,,number,,,,,,,,,,
rest_3,perfuusio,,text,REST_seg_3,,,number,,,,,,,,,,
rest_4,perfuusio,,text,REST_seg_4,,,number,,,,,,,,,,
rest_5,perfuusio,,text,REST_seg_5,,,number,,,,,,,,,,
rest_6,perfuusio,,text,REST_seg_6,,,number,,,,,,,,,,
rest_7,perfuusio,,text,REST_seg_7,,,number,,,,,,,,,,
rest_8,perfuusio,,text,REST_seg_8,,,number,,,,,,,,,,
rest_9,perfuusio,,text,REST_seg_9,,,number,,,,,,,,,,
rest_10,perfuusio,,text,REST_seg_10,,,number,,,,,,,,,,
rest_11,perfuusio,,text,REST_seg_11,,,number,,,,,,,,,,
rest_12,perfuusio,,text,REST_seg_12,,,number,,,,,,,,,,
rest_13,perfuusio,,text,REST_seg_13,,,number,,,,,,,,,,
rest_14,perfuusio,,text,REST_seg_14,,,number,,,,,,,,,,
rest_15,perfuusio,,text,REST_seg_15,,,number,,,,,,,,,,
rest_16,perfuusio,,text,REST_seg_16,,,number,,,,,,,,,,
rest_17,perfuusio,,text,REST_seg_17,,,number,,,,,,,,,,
rest_wa,perfuusio,,text,REST_WA,,,number,,,,,,,,,,
rest_ape,perfuusio,,text,REST_APE,,,number,,,,,,,,,,
str_1,perfuusio,,text,STR_seg_1,,,number,,,,,,,,,,
str_2,perfuusio,,text,STR_seg_2,,,number,,,,,,,,,,
str_3,perfuusio,,text,STR_seg_3,,,number,,,,,,,,,,
str_4,perfuusio,,text,STR_seg_4,,,number,,,,,,,,,,
str_5,perfuusio,,text,STR_seg_5,,,number,,,,,,,,,,
str_6,perfuusio,,text,STR_seg_6,,,number,,,,,,,,,,
str_7,perfuusio,,text,STR_seg_7,,,number,,,,,,,,,,
str_8,perfuusio,,text,STR_seg_8,,,number,,,,,,,,,,
str_9,perfuusio,,text,STR_seg_9,,,number,,,,,,,,,,
str_10,perfuusio,,text,STR_seg_10,,,number,,,,,,,,,,
str_11,perfuusio,,text,STR_seg_11,,,number,,,,,,,,,,
str_12,perfuusio,,text,STR_seg_12,,,number,,,,,,,,,,
str_13,perfuusio,,text,STR_seg_13,,,number,,,,,,,,,,
str_14,perfuusio,,text,STR_seg_14,,,number,,,,,,,,,,
str_15,perfuusio,,text,STR_seg_15,,,number,,,,,,,,,,
str_16,perfuusio,,text,STR_seg_16,,,number,,,,,,,,,,
str_17,perfuusio,,text,STR_seg_17,,,number,,,,,,,,,,
str_wa,perfuusio,,text,STR_WA,,,number,,,,,,,,,,
str_ape,perfuusio,,text,STR_APE,,,number,,,,,,,,,,
rk_perf,perfuusio,,text,"Chest pain during adenosine infusion",,"chest pain during perfusion imaging",integer,,,,,,,,,,
st_muut,perfuusio,,radio,"ST-deppression during adenosine infusion","1, yes | 2, no","ST-segment changes during perfusion (lausunnon perusteella)",,,,,,,,,,,
rabs_glo,perfuusio,,text,"Rest ABS_GLOBAL (ml/g/min)",,,number,,,,,,,,,,
rabs_lad,perfuusio,,text,"Rest ABS_LAD (ml/g/min)",,,number,,,,,,,,,,
rabs_lcx,perfuusio,,text,"Rest ABS_LCX (ml/g/min)",,,number,,,,,,,,,,
rabs_rca,perfuusio,,text,"Rest ABS_RCA (ml/g/min)",,,number,,,,,,,,,,
rarv_glo,perfuusio,,text,"Rest ARVIO_GLOBAL (grading 0-3)",,,,,,,,,,,,,
rarv_lad,perfuusio,,text,"Rest ARVIO_LAD (grading 0-3)",,,,,,,,,,,,,
rarv_lcx,perfuusio,,text,"Rest ARVIO_LCX (grading 0-3)",,,number,,,,,,,,,,
rarv_rca,perfuusio,,text,"Rest ARVIO_RCA (grading 0-3)",,,number,,,,,,,,,,
sabs_glo,perfuusio,,text,"Stress ABS_GLOBAL (ml/g/min)",,"Absoluuttinen rasitusperfuusio globaalisti, keskiarvo (ml/g/min), suoraan Carimas-raportista",number,,,,,,,,,,
sabs_lad,perfuusio,,text,"Stress ABS_LAD (ml/g/min)",,"Absoluuttinen rasitusperfuusio LAD-suonen alueella, keskiarvo (ml/g/min), suoraan Carimas-raportista",number,,,,,,,,,,
sabs_lcx,perfuusio,,text,"Stress ABS_LCX (ml/g/min)",,"Absoluuttinen rasitusperfuusio LCX-suonen alueella, keskiarvo (ml/g/min), suoraan Carimas-raportista",number,,,,,,,,,,
sabs_rca,perfuusio,,text,"Stress ABS_RCA (ml/g/min)",,"Absoluuttinen rasitusperfuusio RCA-suonen alueella, keskiarvo (ml/g/min), suoraan Carimas-raportista",number,,,,,,,,,,
smbf_glo,perfuusio,,text,SMBF_GLO,,"Absoluuttinen rasitusperfuusio globaalisti (ml/g/min), lausunnosta",number,,,,,,,,,,
smbf_lad,perfuusio,,text,SMBF_LAD,,"Absoluuttinen rasitusperfuusio LAD-suonen alueella (ml/g/min), lausunnosta, huomioiden defektialueet",number,,,,,,,,,,
smbf_lcx,perfuusio,,text,SMBF_LCX,,"Absoluuttinen rasitusperfuusio LCX-suonen alueella (ml/g/min), lausunnosta, huomioiden defektialueet",number,,,,,,,,,,
smbf_rca,perfuusio,,text,SMBF_RCA,,"Absoluuttinen rasitusperfuusio RCA-suonen alueella (ml/g/min), lausunnosta, huomioiden defektialueet",number,,,,,,,,,,
syke0_r,perfuusio,,text,SYKE0_R,,,,,,,,,,,,,
syst0_r,perfuusio,,text,"SYST0_R
",,,,,,,,,,,,,
diast0_r,perfuusio,,text,"DIAST0_R
",,,,,,,,,,,,,
syke0_s,perfuusio,,text,"SYKE0_S
",,,,,,,,,,,,,
sykemax,perfuusio,,text,"SYKEMAX
",,,,,,,,,,,,,
syst0_s,perfuusio,,text,"SYST0_S
",,,,,,,,,,,,,
diast0_s,perfuusio,,text,"DIAST0_S
",,,,,,,,,,,,,
syst3_s,perfuusio,,text,"SYST3_S
",,,,,,,,,,,,,
diast3_s,perfuusio,,text,"DIAST3_S
",,,,,,,,,,,,,
sarv_glo,perfuusio,"Doctor's evaluation of stress perfusion (grading 0-3)",radio,"Stress ARVIO_GLOBAL","0, 0: Normal perfusion (normaali perfuusio) | 1, 1: Mild reduction of perfusion (lievästi alentunut) | 2, 2:  Moderate reduction of perfusion (kohtalaisesti alentunut) | 3, 3: Severe reduction of perfusion (Voimakkaasti alentunut)",,,,,,,,,,sarv,,
sarv_lad,perfuusio,,radio,"Stress ARVIO_LAD","0, 0: Normal perfusion (normaali perfuusio) | 1, 1: Mild reduction of perfusion (lievästi alentunut) | 2, 2:  Moderate reduction of perfusion (kohtalaisesti alentunut) | 3, 3: Severe reduction of perfusion (Voimakkaasti alentunut)",,,,,,,,,,sarv,,
sarv_rca,perfuusio,,radio,"Stress ARVIO_RCA","0, 0: Normal perfusion (normaali perfuusio) | 1, 1: Mild reduction of perfusion (lievästi alentunut) | 2, 2:  Moderate reduction of perfusion (kohtalaisesti alentunut) | 3, 3: Severe reduction of perfusion (Voimakkaasti alentunut)",,,,,,,,,,sarv,,
sarv_lcx,perfuusio,,radio,"Stress ARVIO_LCX","0, 0: Normal perfusion (normaali perfuusio) | 1, 1: Mild reduction of perfusion (lievästi alentunut) | 2, 2:  Moderate reduction of perfusion (kohtalaisesti alentunut) | 3, 3: Severe reduction of perfusion (Voimakkaasti alentunut)",,,,,,,,,,sarv,,
pet_loyd,perfuusio,,radio,PET_FINDING,"1, 1: normal perfusion | 2, 2: reduced perfusion, FULLY explained by CTA stenosis | 3, 3: reduced perfusion, NOT explained by CTA stenosis | 4, 4: reduced perfusion, PARTIALLY explained by CTA stenosis | 5, 5: reduced perfusion, CTA result not available / not usable",,,,,,,,,,,,
yhtveto2,perfuusio,,notes,"PET study summary",,,,,,,,,,,,,
komm2,perfuusio,,notes,"PET study comments",,,,,,,,,,,,,
exitus_seuranta_pvm,vanha_seuranta,,text,"EXITUS, end of follow-up (date)",,,date_dmy,,,,,,,,,,
exitus,vanha_seuranta,,checkbox,"EXITUS - date checked","1, confirmed",,,,,,,,,,,,
exitus_kommentti,vanha_seuranta,,text,"EXITUS - comment",,,,,,,,,,,,,
exitus_pvm,vanha_seuranta,,text,"EXITUS date",,,date_dmy,,,,,,,,,,
peruskuolinsyy,vanha_seuranta,,text,"main cause of death",,,,,,,,,,,,,
valivaiheen_kuolemansyy,vanha_seuranta,,text,VALIVAIHEEN_KUOLEMANSYY,,,,,,,,,,,,,
valiton_kuolemansyy,vanha_seuranta,,text,VALITON_KUOLEMANSYY,,,,,,,,,,,,,
myotavaikuttaneet_tilat,vanha_seuranta,,text,MYOTAVAIKUTTANEET_TILAT,,,,,,,,,,,,,
kuolemansyyn_lahde,vanha_seuranta,,text,KUOLEMANSYYN_LAHDE,,,,,,,,,,,,,
sydankuolema,vanha_seuranta,,checkbox,"CARDIOVASCULAR DEATH","1, cardiovascular death",,,,,,,,,,,,
muukuolema,vanha_seuranta,,checkbox,"NON-CARDIOVASCULAR DEATH","1, non-cardiovascular death",,,,,,,,,,,,
uap1_kommentti,vanha_seuranta,,text,"UAP1 - comment",,,,,,,,,,,,,
uap1_koodi,vanha_seuranta,,text,"UAP1 - code (dg)",,,,,,,,,,,,,
uap1_tpvm,vanha_seuranta,,text,"UAP1 - Event date",,,date_dmy,,,,,,,,,,
uap1_lpvm,vanha_seuranta,,text,"UAP1 - lähtöpvm",,,date_dmy,,,,,,,,,,
uap1,vanha_seuranta,,radio,"UAP1 - confirmed","0, confirmed - not UAP | 1, confirmed UAP",,,,,,,,,,,,
uap2_kommentti,vanha_seuranta,,text,"UAP2 - comment",,,,,,,,,,,,,
uap2_koodi,vanha_seuranta,,text,"UAP2 - code (dg)",,,,,,,,,,,,,
uap2_tpvm,vanha_seuranta,,text,"UAP2 - Event date",,,date_dmy,,,,,,,,,,
uap2_lpvm,vanha_seuranta,,text,"UAP2 - lähtöpvm",,,date_dmy,,,,,,,,,,
uap2,vanha_seuranta,,radio,"UAP2 - confirmed","0, confirmed- not UAP | 1, confirmed UAP",,,,,,,,,,,,
uap3_kommentti,vanha_seuranta,,text,"UAP3 - comment",,,,,,,,,,,,,
uap3_koodi,vanha_seuranta,,text,"UAP3 - code (dg)",,,,,,,,,,,,,
uap3_tpvm,vanha_seuranta,,text,"UAP3 - Event date",,,date_dmy,,,,,,,,,,
uap3_lpvm,vanha_seuranta,,text,"UAP3 - LähtöPVM",,,date_dmy,,,,,,,,,,
uap3,vanha_seuranta,,radio,"UAP3 - confirmed","0, confirmed - not UAP | 1, confirmed UAP",,,,,,,,,,,,
mi1_kommentti,vanha_seuranta,,text,"MI1 - Comment",,,,,,,,,,,,,
mi1_koodi,vanha_seuranta,,text,"MI1 - Code (dg)",,,,,,,,,,,,,
mi1_tpvm,vanha_seuranta,,text,"MI1 - Event date",,,date_dmy,,,,,,,,,,
mi1_lpvm,vanha_seuranta,,text,"MI1 - LähtöPVM",,,date_dmy,,,,,,,,,,
mi1,vanha_seuranta,,radio,"MI1 - Confirmed","0, Confirmed - not MI | 1, confirmed MI",,,,,,,,,,,,
mi2_kommentti,vanha_seuranta,,text,"MI2 - Comment",,,,,,,,,,,,,
mi2_koodi,vanha_seuranta,,text,"MI2 - Code (dg)",,,,,,,,,,,,,
mi2_tpvm,vanha_seuranta,,text,"MI2 -Event date",,,date_dmy,,,,,,,,,,
mi2_lpvm,vanha_seuranta,,text,"MI2 - LähtöPVM",,,date_dmy,,,,,,,,,,
mi2,vanha_seuranta,,radio,"MI2 - confirmed","0, confirmed- not MI | 1, confirmed MI",,,,,,,,,,,,
mi3_kommentti,vanha_seuranta,,text,"MI3 - comment",,,,,,,,,,,,,
mi3_koodi,vanha_seuranta,,text,"MI3 - code (dg)",,,,,,,,,,,,,
mi3_tpvm,vanha_seuranta,,text,"MI3 - Event date",,,date_dmy,,,,,,,,,,
mi3_lpvm,vanha_seuranta,,text,"MI3 - LähtöPVM",,,date_dmy,,,,,,,,,,
mi3,vanha_seuranta,,radio,"MI3 - confirmed","0, confirmed - not MI | 1, confirmed MI",,,,,,,,,,,,
early_ica,early_revasc,,yesno,"Early ICA performed (6 mo)",,"Within 6 months after CTA (i.e. CTA date + 183 days)",,,,,,,,,,,
early_ica_date,early_revasc,,text,"Date of early ICA (if performed)",,,date_ymd,,,,,,,,,,
early_pci,early_revasc,,yesno,"Early PCI performed (6 mo)",,"Within 6 months after CTA (i.e. CTA date + 183 days)",,,,,,,,,,,
early_pci_date,early_revasc,,text,"Date of early PCI (if performed)",,,date_ymd,,,,,,,,,,
early_cabg,early_revasc,,yesno,"Early CABG performed (6 mo)",,"Within 6 months after CTA (i.e. CTA date + 183 days)",,,,,,,,,,,
early_cabg_date,early_revasc,,text,"Date of early CABG (if performed)",,,date_ymd,,,,,,,,,,
bsal,laakitys,"Regular medication (at the time of CTA)",radio,Betablocker,"1, 1: yes | 2, 2: no",,,,,,,,,,laakkeet,,
lip,laakitys,,radio,"Lipid-lowering drug","1, 1: yes | 2, 2: no",,,,,,,,,,laakkeet,,
asa,laakitys,,radio,"Anti-platelet drug (ASA or other)","1, 1: yes | 2, 2: no",,,,,,,,,,laakkeet,,
ak,laakitys,,radio,Anticoagulant,"1, 1: yes | 2, 2: no",,,,,,,,,,laakkeet,,
pnit,laakitys,,radio,"Long-acting nitrate","1, 1: yes | 2, 2: no",,,,,,,,,,laakkeet,,
diur,laakitys,,radio,Diuretic,"1, 1: yes | 2, 2: no",,,,,,,,,,laakkeet,,
ace,laakitys,,radio,ACE-inhibitor,"1, 1: yes | 2, 2: no",,,,,,,,,,laakkeet,,
at,laakitys,,radio,ATR-blocker,"1, 1: yes | 2, 2: no",,,,,,,,,,laakkeet,,
caks,laakitys,,radio,"Calcium channel blocker","1, 1: yes | 2, 2: no",,,,,,,,,,laakkeet,,
ryth,laakitys,,radio,"Antiarrhythmic drug","1, 1: yes | 2, 2: no",,,,,,,,,,laakkeet,,
laaktayd,laakitys,,radio,"Complete data on baseline medication","1, yes | 2, no",,,,,,,,,,,,
lmu_bsal,laakitys,Changes,radio,LMU_BETABLOCK,"1, 1: drug started | 2, 2: drug discontinued | 3, 3: drug increased | 4, 4: drug reduced | 5, 5: no changes on drug",,,,,,,,,,muutokset,,
lmu_lip,laakitys,,radio,LMU_LIPID,"1, 1: drug started | 2, 2: drug discontinued | 3, 3: drug increased | 4, 4: drug reduced | 5, 5: no changes on drug",,,,,,,,,,muutokset,,
lmu_asa,laakitys,,radio,LMU_ASA,"1, 1: drug started | 2, 2: drug discontinued | 3, 3: drug increased | 4, 4: drug reduced | 5, 5: no changes on drug",,,,,,,,,,muutokset,,
lmu_ak,laakitys,,radio,LMU_ANTICO,"1, 1: drug started | 2, 2: drug discontinued | 3, 3: drug increased | 4, 4: drug reduced | 5, 5: no changes on drug",,,,,,,,,,muutokset,,
lmu_pnit,laakitys,,radio,LMU_LANITRO,"1, 1: drug started | 2, 2: drug discontinued | 3, 3: drug increased | 4, 4: drug reduced | 5, 5: no changes on drug",,,,,,,,,,muutokset,,
lmu_diur,laakitys,,radio,LMU_DIUR,"1, 1: drug started | 2, 2: drug discontinued | 3, 3: drug increased | 4, 4: drug reduced | 5, 5: no changes on drug",,,,,,,,,,muutokset,,
lmu_ace,laakitys,,radio,LMU_ACE,"1, 1: drug started | 2, 2: drug discontinued | 3, 3: drug increased | 4, 4: drug reduced | 5, 5: no changes on drug",,,,,,,,,,muutokset,,
lmu_at,laakitys,,radio,LMU_AT,"1, 1: drug started | 2, 2: drug discontinued | 3, 3: drug increased | 4, 4: drug reduced | 5, 5: no changes on drug",,,,,,,,,,muutokset,,
lmu_caks,laakitys,,radio,LMU_CABLOCK,"1, 1: drug started | 2, 2: drug discontinued | 3, 3: drug increased | 4, 4: drug reduced | 5, 5: no changes on drug",,,,,,,,,,muutokset,,
lmu_ryth,laakitys,,radio,LMU_RHYTHM,"1, 1: drug started | 2, 2: drug discontinued | 3, 3: drug increased | 4, 4: drug reduced | 5, 5: no changes on drug",,,,,,,,,,muutokset,,
laaktayd2,laakitys,,radio,"Complete data on medication changes","1, yes | 2, no",,,,,,,,,,,,
krea_e,labrat_ennen,,text,KREA_E,,,number,,,,,,,,,,
pvm_krea_e,labrat_ennen,,text,Date_KREA_E,,,date_dmy,,,,,,,,,,
hb,labrat_ennen,,text,HB,,,number,,,,,,,,,,
gluk,labrat_ennen,,text,GLUK,,,number,,,,,,,,,,
hba1c,labrat_ennen,,text,HBA1C,,,number,,,,,,,,,,
hba1c_pros,labrat_ennen,,text,"HBA1C %",,,number,0,100,,,,,,,,
kol_e,labrat_ennen,,text,KOL_E,,,number,,,,,,,,,,
hdl_e,labrat_ennen,,text,HDL_E,,,number,,,,,,,,,,
ldl_e,labrat_ennen,,text,LDL_E,,,number,,,,,,,,,,
trigly_e,labrat_ennen,,text,TRIGLY_E,,,number,,,,,,,,,,
bnp,labrat_ennen,,text,BNP,,"alle 50 ng/l = 49",number,,,,,,,,,,
tnt,labrat_ennen,,text,TNT,,"<0.03 ug/l = 0.02",number,,,,,,,,,,
krea_j1,labrat_jalkeen,,text,KREA_J1,,,,,,,,,,,,,
pvm_krea_j1,labrat_jalkeen,,text,PVM_KREA_J1,,,,,,,,,,,,,
krea_j2,labrat_jalkeen,,text,KREA_J2,,,,,,,,,,,,,
pvm_krea_j2,labrat_jalkeen,,text,Date_KREA_J2,,,,,,,,,,,,,
kol_j,labrat_jalkeen,,text,KOL_J,,,,,,,,,,,,,
hdl_j,labrat_jalkeen,,text,HDL_J,,,,,,,,,,,,,
ldl_j,labrat_jalkeen,,text,LDL_J,,,,,,,,,,,,,
trigly_j,labrat_jalkeen,,text,TRIGLY_J,,,,,,,,,,,,,
gene_kirje,ttgene,,text,"Letter sent (date)",,,date_ymd,,,,,,,,,,
gene_ei,ttgene,,radio,"Patient's refusal","1, refused",,,,,,,,,,,,
gene_suostumus,ttgene,,text,"Permission obtained (date)",,,date_ymd,,,,,,,,,,
gene_nayte,ttgene,,radio,"Sample taken","1, in the lab | 2, in the PET-center",,,,,,,,,,,,
gene_nayte_pvm,ttgene,,text,"Gene sample date",,,date_dmy,,,,,,,,,,
gene_soveltuvuus,ttgene,,yesno,"GENE project suitability",,,,,,,,,,,,,
gene_taydelliset_tiedot,ttgene,,yesno,"GENE complete data",,,,,,,,,,,,,
gene_kommentti,ttgene,,text,"Gene comments",,,,,,,,,,,,,
sis_gene,ttgene,"CTA findings (for GENE patients)",text,"Segment involvement score",,"Number of atherosclerotic segments based on CTA",integer,0,19,,,,,,,,
sss_gene,ttgene,,text,"Segment stenosis score",,"Number of coronary segments showing ≥50% stenosis on CTA",integer,0,19,,,,,,,,
lad_cta_finding_gene,ttgene,,radio,"LAD CTA finding","1, normal coronary artery | 2, anatomically non-obstructive atherosclerosis (< 50% stenosis) | 3, anatomically borderline CAD (approx 50% stenosis) | 4, anatomically obstructive CAD (>50% stenosis)",,,,,,,,,,,,
lcx_cta_finding_gene,ttgene,,radio,"LCX CTA finding","1, normal coronary artery | 2, anatomically non-obstructive atherosclerosis (< 50% stenosis) | 3, anatomically borderline CAD (approx 50% stenosis) | 4, anatomically obstructive CAD (>50% stenosis)",,,,,,,,,,,,
rca_cta_finding_gene,ttgene,,radio,"RCA CTA finding","1, normal coronary artery | 2, anatomically non-obstructive atherosclerosis (< 50% stenosis) | 3, anatomically borderline CAD (approx 50% stenosis) | 4, anatomically obstructive CAD (>50% stenosis)",,,,,,,,,,,,
cta_atheroscl_vessels_gene,ttgene,,radio,"Number of atherosclerotic vessels on CTA","0, 0 | 1, 1 | 2, 2 | 3, 3","Number (0-3) of main coronary arteries (LAD, LCX, RCA) showing any (non-obstructive or obstructive) atherosclerosis; LM equals to LAD+LCX",,,,,,,,,,,
lad_integrated_gene,ttgene,"Integrated CTA/PET findings (for GENE patients)",radio,"LAD integrated CTA-PET finding","1, no coronary atherosclerosis | 2, non-obstructive CAD | 3, obstructive CAD",,,,,,,,,,,,
lcx_integrated_gene,ttgene,,radio,"LCX integrated CTA-PET finding","1, no coronary atherosclerosis | 2, non-obstructive CAD | 3, obstructive CAD",,,,,,,,,,,,
rca_integrated_gene,ttgene,,radio,"RCA integrated CTA-PET finding","1, no coronary atherosclerosis | 2, non-obstructive CAD | 3, obstructive CAD",,,,,,,,,,,,
obstr_vessels_integr_gene,ttgene,,radio,"Number of obstructive vessels based on integrated CTA-PET findings","0, 0 | 1, 1 | 2, 2 | 3, 3","number (0-3) of main coronary arteries (LAD, LCX, RCA) showing obstructive CAD based on integrated CTA/PET findings; LM equals to LAD+LCX",,,,,,,,,,,
patient_integrated_gene,ttgene,,radio,"Integrated CTA-PET finding (per-patient)","1, no coronary atherosclerosis | 2, non-obstructive CAD | 3, obstructive CAD",,,,,,,,,,,,
integr_approach_gene,ttgene,,radio,"Approach for integrated CTA-PET findings in GENE patients","1, diagnostic approach | 2, comprehensive approach","In diagnostic approach, integrated findings are solely based on CTA and PET data. In comprehensive approach, other kind of data (e.g. invasive angiography) is utilized for non-diagnostic or non-adherent patients.",,,,,,,,,,,
tutkimus,tutkimukset,,checkbox,,"1, cin (Teemu) | 2, prognosis (Teemu) | 3, cmd (IidaS) | 4, adherence (IidaS) | 5, 3vd (Teemu) | 6, global (Esa) | 7, gender (Wail) | 8, gene (IidaK)",,,,,,,,,,,,
tutkimus9,tutkimukset,,yesno,"Ams collab suspected CAD",,,,,,,,,,,,,
fa_date,auria_imports,"Background characteristics - imported data from Auria",text,"The first occurrence of atrial fibrillation diagnosis",,"Data from Auria registry - DO NOT EDIT",date_dmy,,,,,,,,,,
fa_dg,auria_imports,,text,"Atrial fibrillation - dg code",,"Data from Auria registry - DO NOT EDIT",,,,,,,,,,,
hypertens_date,auria_imports,,text,"The first occurrence of hypertension diagnosis",,"Data from Auria registry - DO NOT EDIT",date_dmy,,,,,,,,,,
hypertens_dg,auria_imports,,text,"Hypertension - dg code",,"Data from Auria registry - DO NOT EDIT",,,,,,,,,,,
dyslipid_date,auria_imports,,text,"The first occurrence of dyslipidemia diagnosis",,"Data from Auria registry - DO NOT EDIT",date_dmy,,,,,,,,,,
dyslipid_dg,auria_imports,,text,"Dyslipidemia - dg code",,"Data from Auria registry - DO NOT EDIT",,,,,,,,,,,
dm_date,auria_imports,,text,"The first occurrence of diabetes (type 1 or 2) diagnosis",,"Data from Auria registry - DO NOT EDIT",date_dmy,,,,,,,,,,
dm_dg,auria_imports,,text,"Diabetes - dg code",,"Data from Auria registry - DO NOT EDIT",,,,,,,,,,,
atherosclerosis_date,auria_imports,,text,"The first occurrence of ischemic heart disease (I25) diagnosis",,"Data from Auria registry - DO NOT EDIT",date_dmy,,,,,,,,,,
atherosclerosis_dg,auria_imports,,text,"Ischemic heart disease - dg code",,"Data from Auria registry - DO NOT EDIT",,,,,,,,,,,
pacemaker_date,auria_imports,,text,"The first occurence of pacemaker diagnosis",,"Data from Auria registry - DO NOT EDIT",date_dmy,,,,,,,,,,
pacemaker_dg,auria_imports,,text,"Pacemaker - dg code",,"Data from Auria registry - DO NOT EDIT",,,,,,,,,,,
priorica_date,auria_imports,"Prior revascularisation (i.e. before CTA) - imported data from Auria",text,"Prior ICA - date",,,date_dmy,,,,,,,,,,
priorica_code,auria_imports,,text,"Prior ICA - procedural code",,,,,,,,,,,,,
priorpci_date,auria_imports,,text,"Prior PCI - date",,,date_dmy,,,,,,,,,,
priorpci_code,auria_imports,,text,"Prior PCI - procedural code",,,,,,,,,,,,,
priorcabg_date,auria_imports,,text,"Prior CABG - date",,,date_dmy,,,,,,,,,,
priorcabg_code,auria_imports,,text,"Prior CABG - procedural code",,,,,,,,,,,,,
lateica_end_of_fu_date,auria_imports,"Late revascularisation (more than 6 months after CTA) - imported data from Auria",text,"Late ICA - end of follow-up date",,,date_dmy,,,,,,,,,,
lateica_date,auria_imports,,text,"Late ICA - date",,,date_dmy,,,,,,,,,,
lateica_code,auria_imports,,text,"Late ICA - procedural code",,,,,,,,,,,,,
latepci_end_of_fu_date,auria_imports,,text,"Late PCI - end of follow-up date",,,date_dmy,,,,,,,,,,
latepci_date,auria_imports,,text,"Late PCI - date",,,date_dmy,,,,,,,,,,
latepci_code,auria_imports,,text,"Late PCI - procedural code",,,,,,,,,,,,,
latecabg_date,auria_imports,,text,"Late CABG - date",,,date_dmy,,,,,,,,,,
latecabg_code,auria_imports,,text,"Late CABG procedural code",,,,,,,,,,,,,
latecabg_end_of_fu_date,auria_imports,,text,"Late CABG - end of follow-up date",,,date_dmy,,,,,,,,,,
death_end_of_fu_date,event_followup,"Mortality follow-up",text,"Mortality - end of follow-up",,"Follow-up data from Auria registry imported until this - DO NOT EDIT",date_dmy,,,,,,,,,,
date_of_death,event_followup,,text,"Date of death",,"Date of death from Auria registry - DO NOT EDIT",date_dmy,,,,,,,,,,
cause_of_death,event_followup,,text,"Cause of death",,"ICD code for the main cause of death (peruskuolemansyy) from Tilastokeskus - DO NOT EDIT",,,,,,,,,,,
type_of_death,event_followup,,radio,"Type of death","1, cardiovascular death | 2, non-cardiovascular death","Describe the type of death (based on the main cause of death)",,,,,,,,,,,
cause_of_death_source,event_followup,,text,"Data source for the type of death",,"E.g. Tilastokeskus, medical records, ...",,,,,,,,,,,
death_comments,event_followup,,text,"Mortality - comments",,"Free comments",,,,,,,,,,,
mi_end_of_fu_date,event_followup,"MI follow-up",text,"MI - end of follow-up",,"Follow-up data from Auria registry imported until this - DO NOT EDIT",date_dmy,,,,,,,,,,
mi_events_list_len,event_followup,,text,"Number of relevant MI codes",,"DO NOT EDIT",integer,,,,,,,,,,
mi_events_list,event_followup,,notes,"List of relevant MI codes and dates",,"date1: code1, date2: code2; ... - DO NOT EDIT",,,,,,,,,,,
mi_confirmation,event_followup,,radio,"MI - confirmation","0, non-MI | 1, MI","Manual confirmation of MI event",,,,,,,,,,,
mi_confirmed_date,event_followup,,text,"MI - confirmed date",,"Date until MI events confirmed (in case of true MI, give the event date)",date_dmy,,,,,,,,,,
mi_confirmed_dg,event_followup,,text,"MI - confirmed dg",,"In case of true MI, give the event ICD code",,,,,,,,,,,
mi_comments,event_followup,,text,"MI - comments",,"Free comments",,,,,,,,,,,
uap_end_of_fu_date,event_followup,"UAP follow-up",text,"UAP - end of follow-up",,"Follow-up data from Auria registry imported until this - DO NOT EDIT",date_dmy,,,,,,,,,,
uap_events_list_len,event_followup,,text,"Number of relevant UAP codes",,"DO NOT EDIT",integer,,,,,,,,,,
uap_events_list,event_followup,,notes,"List of relevant UAP codes and dates",,"date1: code1, date2: code2; ... - DO NOT EDIT",,,,,,,,,,,
uap_confirmation,event_followup,,radio,"UAP - confirmation","0, non-UAP | 1, UAP","Manual confirmation of UAP event",,,,,,,,,,,
uap_confirmed_date,event_followup,,text,"UAP - confirmed date",,"Date until UAP events confirmed (in case of true UAP, give the event date)",date_dmy,,,,,,,,,,
uap_confirmed_dg,event_followup,,text,"UAP - confirmed dg",,"In case of true UAP, give the event ICD code",,,,,,,,,,,
uap_comments,event_followup,,text,"UAP - comments",,"Free comments",,,,,,,,,,,
resuscitation_end_of_fu_date,event_followup,"Resuscitation follow-up",text,"Resuscitation - end of follow-up",,"Follow-up data from Auria registry imported until this - DO NOT EDIT",date_dmy,,,,,,,,,,
resuscitation_events_list_len,event_followup,,text,"Number of relevant resuscitation codes",,"DO NOT EDIT",integer,,,,,,,,,,
resuscitation_events_list,event_followup,,notes,"List of relevant resuscitation codes and dates",,"date1: code1, date2: code2; ... - DO NOT EDIT",,,,,,,,,,,
resuscitation_confirmation,event_followup,,radio,"Resuscitation - confirmation","0, non-resuscitation | 1, resuscitation","Manual confirmation of resuscitation event",,,,,,,,,,,
resuscitation_confirmed_date,event_followup,,text,"Resuscitation - confirmed date",,"Date until resuscitation events confirmed (in case of true resuscitation, give the event date)",date_dmy,,,,,,,,,,
resuscitation_confirmed_dg,event_followup,,text,"Resuscitation - confirmed dg",,"In case of true resuscitation, give the event ICD code",,,,,,,,,,,
resuscitation_comments,event_followup,,text,"Resuscitation - comments",,"Free comments",,,,,,,,,,,
stroke_end_of_fu_date,event_followup,"Stroke follow-up",text,"Stroke - end of follow-up",,"Follow-up data from Auria registry imported until this - DO NOT EDIT",date_dmy,,,,,,,,,,
stroke_events_list_len,event_followup,,text,"Number of relevant stroke codes",,"DO NOT EDIT",integer,,,,,,,,,,
stroke_events_list,event_followup,,notes,"List of relevant stroke codes and dates",,"date1: code1, date2: code2; ... - DO NOT EDIT",,,,,,,,,,,
stroke_confirmation,event_followup,,radio,"Stroke - confirmation","0, non-stroke | 1, stroke","Manual confirmation of stroke event",,,,,,,,,,,
stroke_confirmed_date,event_followup,,text,"Stroke - confirmed date",,"Date until stroke events confirmed (in case of true stroke, give the event date)",date_dmy,,,,,,,,,,
stroke_confirmed_dg,event_followup,,text,"Stroke - confirmed dg",,"In case of true stroke, give the event ICD code",,,,,,,,,,,
stroke_comments,event_followup,,text,"Stroke - comments",,"Free comments",,,,,,,,,,,
